job,candidate,relevance,overall_score,skills_score,experience_score
frontend-engineer,asha-rao,3,0.9125,100,100
frontend-engineer,sana-ali,2,0.85,80,100
frontend-engineer,dev-shah,2,0.7875,60,100
frontend-engineer,mira-sen,1,0.74125,80,70
frontend-engineer,ishan-roy,1,0.6208333333333332,6.666666666666667,100
frontend-engineer,kabir-das,0,0.6,0,100
frontend-engineer,leela-nair,0,0.6,0,100
frontend-engineer,nisha-patel,0,0.6,0,100
frontend-engineer,omar-iqbal,0,0.6,0,100
frontend-engineer,rohan-mehta,0,0.6,0,100
frontend-engineer,tara-bose,0,0.575,0,100
frontend-engineer,vikram-jain,0,0,100,100
ml-engineer,kabir-das,3,0.9125,100,100
ml-engineer,leela-nair,2,0.85,80,100
ml-engineer,omar-iqbal,1,0.7875,60.00000000000001,100
ml-engineer,rohan-mehta,1,0.7458333333333332,46.666666666666664,100
ml-engineer,nisha-patel,0,0.6833333333333335,26.666666666666668,100
ml-engineer,sana-ali,0,0.6833333333333335,26.666666666666668,100
ml-engineer,ishan-roy,0,0.6625,20,100
ml-engineer,asha-rao,0,0.6,0,100
ml-engineer,dev-shah,0,0.6,0,100
ml-engineer,tara-bose,0,0.575,0,100
ml-engineer,mira-sen,0,0.49125,0,70
ml-engineer,vikram-jain,0,0,0,100
backend-engineer,nisha-patel,3,0.9125,100,100
backend-engineer,sana-ali,2,0.8083333333333335,66.66666666666667,100
backend-engineer,rohan-mehta,2,0.7666666666666667,53.333333333333336,100
backend-engineer,ishan-roy,1,0.725,40,100
backend-engineer,kabir-das,1,0.6833333333333335,26.666666666666668,100
backend-engineer,omar-iqbal,0,0.6625,20,100
backend-engineer,leela-nair,0,0.625,20,85
backend-engineer,asha-rao,1,0.6,0,100
backend-engineer,dev-shah,0,0.6,0,100
backend-engineer,tara-bose,0,0.575,0,100
backend-engineer,mira-sen,0,0.45375,0,55
backend-engineer,vikram-jain,0,0,0,100
